Time,Freq,Mass
0.0,40.0,0.07
0.1,0.0,0.06
0.2,0.0,0.04
0.30000000000000004,0.0,85.43
0.4,0.0,250.77
0.5,0.0,68.88
0.6000000000000001,0.0,90.9
0.7000000000000001,0.0,200.83
0.8,0.0,197.31
0.9,0.0,193.44
1.0,0.0,191.69
1.1,0.0,192.12
1.2000000000000002,0.0,191.37
1.3,0.0,192.41
1.4000000000000001,0.0,192.67
1.5,0.0,192.49
1.6,0.0,192.58
1.7000000000000002,0.0,192.55
1.8,0.0,192.65
1.9000000000000001,0.0,192.79
