Time,Freq,Mass
0.0,40.0,0.12
0.1,0.0,0.22
0.2,0.0,1.56
0.30000000000000004,0.0,98.66
0.4,0.0,197.76
0.5,0.0,229.86
0.6000000000000001,0.0,140.28
0.7000000000000001,40.0,165.84
0.8,40.0,145.77
0.9,0.0,170.0
1.0,0.0,196.99
1.1,40.0,211.23
1.2000000000000002,40.0,211.89
1.3,40.0,210.35
1.4000000000000001,40.0,206.21
1.5,40.0,209.0
1.6,40.0,211.27
1.7000000000000002,40.0,211.12
1.8,0.0,211.29
1.9000000000000001,40.0,209.9
