Time,Freq,Mass
0.0,0.0,0.1
0.1,0.0,0.1
0.2,0.0,1.28
0.30000000000000004,0.0,214.77
0.4,0.0,191.87
0.5,0.0,95.52
0.6000000000000001,40.0,97.73
0.7000000000000001,40.0,44.72
0.8,40.0,147.5
0.9,0.0,191.47
1.0,0.0,193.93
1.1,0.0,206.47
1.2000000000000002,0.0,213.79
1.3,40.0,214.37
1.4000000000000001,0.0,214.89
1.5,40.0,214.71
1.6,40.0,213.16
1.7000000000000002,0.0,211.56
1.8,0.0,211.06
1.9000000000000001,40.0,210.78
