Time,Freq,Mass
0.0,0.0,0.28
0.1,0.0,0.16
0.2,0.0,0.15
0.30000000000000004,0.0,4.32
0.4,0.0,239.95
0.5,0.0,172.07
0.6000000000000001,0.0,215.13
0.7000000000000001,0.0,245.5
0.8,0.0,229.99
0.9,0.0,227.96
1.0,0.0,225.49
1.1,0.0,224.85
1.2000000000000002,0.0,223.56
1.3,0.0,222.74
1.4000000000000001,0.0,221.43
1.5,0.0,220.28
1.6,0.0,220.07
1.7000000000000002,0.0,220.12
1.8,0.0,219.32
1.9000000000000001,0.0,219.3
