Time,Freq,Mass
0.0,0.0,0.11
0.1,40.0,0.14
0.2,0.0,1.7
0.30000000000000004,40.0,99.25
0.4,0.0,206.33
0.5,0.0,36.76
0.6000000000000001,0.0,92.75
0.7000000000000001,0.0,154.5
0.8,0.0,170.56
0.9,0.0,172.33
1.0,0.0,184.72
1.1,0.0,185.75
1.2000000000000002,0.0,188.3
1.3,0.0,187.77
1.4000000000000001,0.0,188.3
1.5,0.0,189.37
1.6,0.0,189.85
1.7000000000000002,0.0,190.03
1.8,0.0,189.81
1.9000000000000001,0.0,189.59
