Time,Freq,Mass
0.0,0.0,-0.08
0.1,0.0,-0.02
0.2,0.0,2.05
0.30000000000000004,0.0,170.0
0.4,0.0,220.18
0.5,0.0,210.74
0.6000000000000001,0.0,251.56
0.7000000000000001,0.0,229.05
0.8,0.0,233.21
0.9,0.0,230.03
1.0,0.0,227.56
1.1,0.0,229.28
1.2000000000000002,0.0,231.76
1.3,0.0,231.69
1.4000000000000001,0.0,231.29
1.5,0.0,231.03
1.6,0.0,229.27
1.7000000000000002,0.0,228.67
1.8,0.0,230.89
1.9000000000000001,0.0,231.75
