Time,Freq,Mass
0.0,0.0,-0.23
0.1,0.0,-0.2
0.2,0.0,-0.25
0.30000000000000004,0.0,118.44
0.4,0.0,90.39
0.5,0.0,61.03
0.6000000000000001,0.0,217.22
0.7000000000000001,0.0,223.73
0.8,0.0,250.0
0.9,0.0,259.92
1.0,0.0,251.38
1.1,0.0,260.38
1.2000000000000002,0.0,258.61
1.3,0.0,253.52
1.4000000000000001,0.0,250.13
1.5,0.0,249.49
1.6,0.0,251.0
1.7000000000000002,0.0,252.24
1.8,0.0,252.33
1.9000000000000001,0.0,252.14
