Time,Freq,Mass
0.0,0.0,0.0
0.1,0.0,0.04
0.2,0.0,0.11
0.30000000000000004,0.0,30.51
0.4,0.0,263.5
0.5,0.0,133.02
0.6000000000000001,0.0,160.96
0.7000000000000001,0.0,145.08
0.8,0.0,125.49
0.9,0.0,126.27
1.0,40.0,148.73
1.1,0.0,175.69
1.2000000000000002,0.0,184.72
1.3,0.0,191.43
1.4000000000000001,40.0,193.83
1.5,0.0,193.72
1.6,40.0,194.85
1.7000000000000002,0.0,193.66
1.8,40.0,195.04
1.9000000000000001,40.0,195.26
