Time,Freq,Mass
0.0,0.0,0.18
0.1,0.0,0.19
0.2,0.0,0.19
0.30000000000000004,40.0,176.81
0.4,0.0,420.27
0.5,0.0,203.92
0.6000000000000001,0.0,242.77
0.7000000000000001,0.0,280.29
0.8,0.0,287.2
0.9,0.0,290.15
1.0,0.0,281.03
1.1,0.0,262.77
1.2000000000000002,0.0,254.93
1.3,0.0,251.72
1.4000000000000001,0.0,246.26
1.5,0.0,242.91
1.6,0.0,242.49
1.7000000000000002,0.0,242.79
1.8,0.0,242.25
1.9000000000000001,0.0,242.17
