Time,Freq,Mass
0.0,0.0,0.05
0.1,0.0,0.07
0.2,0.0,1.24
0.30000000000000004,0.0,187.0
0.4,0.0,193.43
0.5,0.0,168.98
0.6000000000000001,0.0,234.91
0.7000000000000001,0.0,214.95
0.8,0.0,215.1
0.9,0.0,210.52
1.0,0.0,214.66
1.1,0.0,214.18
1.2000000000000002,0.0,213.57
1.3,0.0,213.55
1.4000000000000001,0.0,212.68
1.5,0.0,213.96
1.6,0.0,215.46
1.7000000000000002,0.0,214.68
1.8,0.0,214.82
1.9000000000000001,0.0,214.54
