Time,Freq,Mass
0.0,0.0,0.19
0.1,0.0,0.26
0.2,0.0,1.91
0.30000000000000004,0.0,95.78
0.4,0.0,215.26
0.5,0.0,35.41
0.6000000000000001,0.0,121.62
0.7000000000000001,0.0,193.92
0.8,0.0,178.95
0.9,0.0,193.89
1.0,0.0,201.73
1.1,0.0,201.94
1.2000000000000002,0.0,204.36
1.3,0.0,205.6
1.4000000000000001,0.0,204.9
1.5,0.0,204.82
1.6,40.0,205.68
1.7000000000000002,0.0,205.95
1.8,0.0,207.21
1.9000000000000001,0.0,207.61
