Time,Freq,Mass
0.0,0.0,0.05
0.1,0.0,0.12
0.2,0.0,0.21
0.30000000000000004,0.0,40.76
0.4,0.0,139.73
0.5,0.0,184.39
0.6000000000000001,0.0,348.97
0.7000000000000001,0.0,234.11
0.8,0.0,260.15
0.9,0.0,260.03
1.0,0.0,255.82
1.1,0.0,247.82
1.2000000000000002,0.0,254.65
1.3,0.0,256.59
1.4000000000000001,0.0,257.41
1.5,0.0,257.29
1.6,0.0,256.99
1.7000000000000002,0.0,256.91
1.8,0.0,256.72
1.9000000000000001,0.0,256.5
