Time,Freq,Mass
0.0,0.0,0.23
0.1,0.0,0.22
0.2,0.0,0.69
0.30000000000000004,0.0,77.45
0.4,0.0,149.9
0.5,0.0,106.94
0.6000000000000001,0.0,169.69
0.7000000000000001,0.0,105.42
0.8,0.0,173.62
0.9,0.0,181.86
1.0,0.0,185.7
1.1,0.0,188.42
1.2000000000000002,0.0,187.3
1.3,0.0,188.57
1.4000000000000001,0.0,188.91
1.5,40.0,188.94
1.6,0.0,189.01
1.7000000000000002,0.0,188.92
1.8,0.0,188.87
1.9000000000000001,0.0,188.68
