Time,Freq,Mass
0.0,0.0,0.01
0.1,0.0,-0.03
0.2,0.0,0.13
0.30000000000000004,0.0,73.49
0.4,0.0,208.48
0.5,40.0,151.34
0.6000000000000001,0.0,124.73
0.7000000000000001,0.0,63.06
0.8,0.0,171.74
0.9,0.0,191.04
1.0,0.0,190.46
1.1,0.0,188.92
1.2000000000000002,0.0,189.49
1.3,0.0,190.85
1.4000000000000001,0.0,190.53
1.5,0.0,189.77
1.6,0.0,190.64
1.7000000000000002,0.0,191.47
1.8,0.0,191.77
1.9000000000000001,0.0,191.62
