Time,Freq,Mass
0.0,0.0,0.01
0.1,0.0,0.01
0.2,0.0,0.08
0.30000000000000004,0.0,26.91
0.4,0.0,151.28
0.5,0.0,136.45
0.6000000000000001,0.0,198.67
0.7000000000000001,0.0,201.11
0.8,0.0,200.9
0.9,0.0,200.35
1.0,0.0,199.3
1.1,0.0,199.36
1.2000000000000002,0.0,199.2
1.3,0.0,199.42
1.4000000000000001,0.0,199.12
1.5,0.0,199.02
1.6,0.0,199.8
1.7000000000000002,0.0,200.88
1.8,0.0,200.17
1.9000000000000001,0.0,200.52
