Time,Freq,Mass
0.0,40.0,-0.0
0.1,40.0,-0.06
0.2,0.0,0.01
0.30000000000000004,0.0,66.26
0.4,0.0,255.53
0.5,0.0,103.04
0.6000000000000001,0.0,170.41
0.7000000000000001,0.0,164.33
0.8,0.0,172.42
0.9,0.0,168.55
1.0,0.0,188.7
1.1,0.0,189.16
1.2000000000000002,0.0,185.18
1.3,0.0,183.52
1.4000000000000001,0.0,183.4
1.5,0.0,186.16
1.6,0.0,187.29
1.7000000000000002,0.0,188.24
1.8,0.0,188.64
1.9000000000000001,0.0,188.41
