Time,Freq,Mass
0.0,40.0,-0.06
0.1,40.0,-0.11
0.2,0.0,-0.12
0.30000000000000004,0.0,32.98
0.4,0.0,109.46
0.5,0.0,168.69
0.6000000000000001,0.0,114.59
0.7000000000000001,0.0,101.85
0.8,0.0,177.46
0.9,0.0,156.5
1.0,0.0,186.7
1.1,0.0,182.12
1.2000000000000002,0.0,186.94
1.3,0.0,186.8
1.4000000000000001,0.0,186.22
1.5,0.0,186.07
1.6,0.0,187.01
1.7000000000000002,0.0,187.07
1.8,0.0,187.01
1.9000000000000001,0.0,186.87
