Time,Freq,Mass
0.0,0.0,0.05
0.1,0.0,-0.11
0.2,0.0,-0.14
0.30000000000000004,0.0,10.08
0.4,0.0,176.29
0.5,0.0,178.89
0.6000000000000001,0.0,158.94
0.7000000000000001,0.0,152.19
0.8,0.0,274.92
0.9,0.0,199.21
1.0,0.0,150.76
1.1,0.0,221.42
1.2000000000000002,0.0,214.42
1.3,0.0,212.12
1.4000000000000001,0.0,210.22
1.5,0.0,208.67
1.6,0.0,211.42
1.7000000000000002,0.0,212.18
1.8,0.0,211.5
1.9000000000000001,0.0,211.14
