Time,Freq,Mass
0.0,0.0,-0.1
0.1,0.0,-0.11
0.2,0.0,-0.11
0.30000000000000004,0.0,23.97
0.4,0.0,73.91
0.5,40.0,100.77
0.6000000000000001,0.0,158.08
0.7000000000000001,0.0,201.34
0.8,0.0,189.02
0.9,0.0,186.7
1.0,0.0,187.57
1.1,0.0,186.59
1.2000000000000002,0.0,186.0
1.3,0.0,185.54
1.4000000000000001,0.0,185.19
1.5,0.0,184.71
1.6,0.0,184.53
1.7000000000000002,0.0,184.02
1.8,0.0,183.71
1.9000000000000001,0.0,184.1
