Time,Freq,Mass
0.0,0.0,0.2
0.1,0.0,0.08
0.2,0.0,0.21
0.30000000000000004,0.0,58.29
0.4,40.0,262.46
0.5,0.0,129.97
0.6000000000000001,0.0,117.34
0.7000000000000001,0.0,188.7
0.8,0.0,200.9
0.9,0.0,203.07
1.0,0.0,202.33
1.1,0.0,201.77
1.2000000000000002,0.0,201.7
1.3,0.0,201.59
1.4000000000000001,0.0,201.32
1.5,0.0,200.77
1.6,0.0,200.91
1.7000000000000002,0.0,201.27
1.8,0.0,201.32
1.9000000000000001,0.0,201.25
