Time,Freq,Mass
0.0,0.0,-0.15
0.1,0.0,-0.24
0.2,0.0,-0.06
0.30000000000000004,0.0,134.38
0.4,0.0,166.96
0.5,0.0,200.44
0.6000000000000001,0.0,271.0
0.7000000000000001,0.0,291.33
0.8,0.0,299.01
0.9,0.0,293.9
1.0,0.0,296.58
1.1,0.0,295.01
1.2000000000000002,0.0,291.91
1.3,0.0,296.89
1.4000000000000001,0.0,294.87
1.5,0.0,293.5
1.6,0.0,293.35
1.7000000000000002,0.0,294.74
1.8,0.0,295.99
1.9000000000000001,0.0,297.33
