Time,Freq,Mass
0.0,0.0,-0.09
0.1,0.0,-0.12
0.2,0.0,-0.07
0.30000000000000004,0.0,254.31
0.4,0.0,182.77
0.5,0.0,181.28
0.6000000000000001,0.0,228.44
0.7000000000000001,0.0,214.36
0.8,0.0,221.06
0.9,0.0,221.72
1.0,0.0,221.85
1.1,0.0,221.69
1.2000000000000002,0.0,222.27
1.3,0.0,222.81
1.4000000000000001,0.0,222.76
1.5,0.0,222.7
1.6,0.0,222.63
1.7000000000000002,0.0,222.53
1.8,0.0,222.45
1.9000000000000001,0.0,222.39
