Time,Freq,Mass
0.0,0.0,-0.01
0.1,0.0,0.0
0.2,0.0,0.23
0.30000000000000004,0.0,48.37
0.4,0.0,73.9
0.5,0.0,55.46
0.6000000000000001,0.0,118.88
0.7000000000000001,0.0,147.89
0.8,0.0,141.01
0.9,0.0,166.55
1.0,0.0,160.37
1.1,0.0,189.0
1.2000000000000002,0.0,191.48
1.3,0.0,190.18
1.4000000000000001,0.0,190.07
1.5,0.0,188.63
1.6,0.0,187.68
1.7000000000000002,0.0,186.9
1.8,0.0,186.6
1.9000000000000001,0.0,186.41
