Time,Freq,Mass
0.0,0.0,-0.18
0.1,0.0,-0.15
0.2,0.0,-0.05
0.30000000000000004,0.0,160.94
0.4,0.0,175.67
0.5,0.0,118.95
0.6000000000000001,0.0,135.17
0.7000000000000001,0.0,103.25
0.8,0.0,177.94
0.9,0.0,199.16
1.0,0.0,195.1
1.1,0.0,196.22
1.2000000000000002,0.0,197.08
1.3,0.0,197.3
1.4000000000000001,0.0,196.83
1.5,0.0,197.84
1.6,0.0,198.41
1.7000000000000002,0.0,198.51
1.8,0.0,198.54
1.9000000000000001,0.0,197.97
