Time,Freq,Mass
0.0,0.0,0.05
0.1,0.0,0.07
0.2,0.0,1.66
0.30000000000000004,0.0,82.49
0.4,0.0,151.74
0.5,0.0,133.74
0.6000000000000001,0.0,179.06
0.7000000000000001,0.0,150.39
0.8,0.0,176.97
0.9,0.0,188.44
1.0,0.0,192.28
1.1,0.0,193.18
1.2000000000000002,0.0,193.4
1.3,0.0,193.34
1.4000000000000001,0.0,192.94
1.5,0.0,193.08
1.6,0.0,193.29
1.7000000000000002,0.0,193.24
1.8,0.0,193.17
1.9000000000000001,0.0,193.18
