Time,Freq,Mass
0.0,0.0,-0.19
0.1,0.0,-0.1
0.2,40.0,-0.1
0.30000000000000004,40.0,25.57
0.4,40.0,211.43
0.5,40.0,159.26
0.6000000000000001,0.0,110.62
0.7000000000000001,40.0,205.4
0.8,40.0,200.52
0.9,40.0,199.06
1.0,40.0,197.74
1.1,40.0,197.75
1.2000000000000002,40.0,199.39
1.3,40.0,198.9
1.4000000000000001,40.0,198.94
1.5,40.0,200.65
1.6,40.0,200.75
1.7000000000000002,40.0,200.26
1.8,40.0,199.97
1.9000000000000001,40.0,199.87
