Time,Freq,Mass
0.0,0.0,-0.55
0.1,0.0,-0.77
0.2,0.0,-0.99
0.30000000000000004,40.0,82.76
0.4,0.0,209.71
0.5,0.0,60.2
0.6000000000000001,0.0,133.19
0.7000000000000001,0.0,187.04
0.8,0.0,192.68
0.9,0.0,193.43
1.0,0.0,192.57
1.1,0.0,192.41
1.2000000000000002,0.0,192.38
1.3,0.0,192.48
1.4000000000000001,0.0,193.41
1.5,0.0,193.23
1.6,0.0,193.04
1.7000000000000002,0.0,192.86
1.8,0.0,192.76
1.9000000000000001,0.0,192.75
