Time,Freq,Mass
0.0,0.0,0.16
0.1,0.0,0.23
0.2,0.0,0.24
0.30000000000000004,0.0,31.87
0.4,0.0,230.12
0.5,0.0,97.85
0.6000000000000001,0.0,63.96
0.7000000000000001,0.0,164.03
0.8,0.0,198.92
0.9,0.0,194.97
1.0,0.0,190.49
1.1,0.0,190.15
1.2000000000000002,0.0,191.1
1.3,0.0,191.8
1.4000000000000001,0.0,193.22
1.5,0.0,193.02
1.6,0.0,192.93
1.7000000000000002,0.0,192.7
1.8,0.0,192.4
1.9000000000000001,0.0,192.21
