Time,Freq,Mass
0.0,0.0,-0.12
0.1,0.0,-0.08
0.2,0.0,-0.11
0.30000000000000004,0.0,14.04
0.4,0.0,238.98
0.5,0.0,180.81
0.6000000000000001,0.0,125.77
0.7000000000000001,0.0,166.91
0.8,0.0,213.8
0.9,0.0,193.85
1.0,0.0,203.52
1.1,0.0,200.43
1.2000000000000002,0.0,199.64
1.3,0.0,199.08
1.4000000000000001,0.0,199.9
1.5,0.0,200.33
1.6,0.0,200.19
1.7000000000000002,0.0,200.04
1.8,0.0,200.03
1.9000000000000001,0.0,200.14
