Time,Freq,Mass
0.0,40.0,-0.19
0.1,0.0,-0.1
0.2,0.0,0.06
0.30000000000000004,0.0,64.0
0.4,0.0,122.87
0.5,0.0,60.82
0.6000000000000001,0.0,33.26
0.7000000000000001,0.0,151.75
0.8,0.0,180.69
0.9,0.0,176.72
1.0,0.0,183.4
1.1,0.0,186.13
1.2000000000000002,0.0,184.59
1.3,0.0,186.86
1.4000000000000001,0.0,186.48
1.5,0.0,187.32
1.6,0.0,188.16
1.7000000000000002,0.0,188.73
1.8,0.0,189.17
1.9000000000000001,0.0,189.44
