Time,Freq,Mass
0.0,0.0,-0.18
0.1,0.0,-0.18
0.2,0.0,-0.08
0.30000000000000004,0.0,6.81
0.4,0.0,196.12
0.5,0.0,196.36
0.6000000000000001,0.0,177.21
0.7000000000000001,0.0,231.18
0.8,0.0,188.58
0.9,0.0,223.88
1.0,0.0,231.57
1.1,0.0,226.17
1.2000000000000002,0.0,227.09
1.3,40.0,226.44
1.4000000000000001,0.0,226.37
1.5,0.0,226.58
1.6,0.0,226.42
1.7000000000000002,0.0,226.16
1.8,0.0,226.02
1.9000000000000001,0.0,225.95
