Time,Freq,Mass
0.0,0.0,0.2
0.1,0.0,0.14
0.2,0.0,0.27
0.30000000000000004,0.0,5.72
0.4,0.0,146.33
0.5,0.0,139.67
0.6000000000000001,0.0,101.89
0.7000000000000001,0.0,166.37
0.8,0.0,229.79
0.9,0.0,215.87
1.0,0.0,200.43
1.1,0.0,204.38
1.2000000000000002,0.0,212.55
1.3,0.0,228.15
1.4000000000000001,0.0,229.8
1.5,0.0,226.33
1.6,0.0,227.02
1.7000000000000002,0.0,227.8
1.8,0.0,225.83
1.9000000000000001,0.0,228.13
