Time,Freq,Mass
0.0,0.0,0.24
0.1,0.0,0.19
0.2,0.0,1.92
0.30000000000000004,0.0,119.9
0.4,0.0,203.77
0.5,0.0,224.73
0.6000000000000001,0.0,224.64
0.7000000000000001,0.0,290.29
0.8,0.0,288.06
0.9,0.0,285.7
1.0,0.0,280.88
1.1,0.0,281.52
1.2000000000000002,0.0,280.52
1.3,0.0,280.1
1.4000000000000001,0.0,278.18
1.5,0.0,283.54
1.6,0.0,283.37
1.7000000000000002,0.0,284.04
1.8,0.0,286.56
1.9000000000000001,0.0,287.52
