Time,Freq,Mass
0.0,0.0,-93.42
0.1,0.0,-93.33
0.2,0.0,-93.33
0.30000000000000004,40.0,-79.74
0.4,0.0,34.97
0.5,40.0,99.46
0.6000000000000001,40.0,44.75
0.7000000000000001,40.0,87.43
0.8,40.0,132.98
0.9,40.0,147.68
1.0,40.0,165.86
1.1,0.0,180.43
1.2000000000000002,40.0,192.67
1.3,40.0,199.15
1.4000000000000001,40.0,200.67
1.5,40.0,198.76
1.6,40.0,198.16
1.7000000000000002,40.0,197.43
1.8,0.0,196.96
1.9000000000000001,40.0,196.63
