Time,Freq,Mass
0.0,0.0,-0.04
0.1,0.0,0.02
0.2,0.0,0.01
0.30000000000000004,0.0,4.51
0.4,0.0,89.15
0.5,0.0,42.53
0.6000000000000001,40.0,70.1
0.7000000000000001,0.0,165.85
0.8,40.0,203.41
0.9,0.0,192.95
1.0,40.0,198.18
1.1,40.0,197.85
1.2000000000000002,0.0,196.42
1.3,0.0,196.27
1.4000000000000001,40.0,196.52
1.5,0.0,196.38
1.6,0.0,196.27
1.7000000000000002,40.0,196.09
1.8,0.0,195.9
1.9000000000000001,40.0,195.79
