Time,Freq,Mass
0.0,0.0,0.15
0.1,0.0,0.19
0.2,0.0,1.37
0.30000000000000004,0.0,56.27
0.4,0.0,162.82
0.5,40.0,127.4
0.6000000000000001,0.0,113.77
0.7000000000000001,0.0,193.23
0.8,0.0,208.8
0.9,0.0,223.6
1.0,0.0,222.98
1.1,0.0,223.31
1.2000000000000002,0.0,223.59
1.3,0.0,223.6
1.4000000000000001,0.0,223.29
1.5,0.0,223.02
1.6,0.0,222.88
1.7000000000000002,0.0,222.8
1.8,0.0,222.69
1.9000000000000001,0.0,222.53
