Time,Freq,Mass
0.0,0.0,0.26
0.1,0.0,0.33
0.2,0.0,0.31
0.30000000000000004,0.0,28.28
0.4,0.0,193.27
0.5,0.0,155.85
0.6000000000000001,0.0,156.15
0.7000000000000001,0.0,188.09
0.8,0.0,172.78
0.9,0.0,197.55
1.0,0.0,205.48
1.1,0.0,204.19
1.2000000000000002,0.0,204.71
1.3,0.0,207.9
1.4000000000000001,0.0,206.91
1.5,0.0,206.71
1.6,0.0,206.49
1.7000000000000002,0.0,206.21
1.8,0.0,206.05
1.9000000000000001,0.0,205.97
