Epoch,Loss
1,44.4866854846
2,14.2982688546
3,5.91938276589
4,2.97826354764
5,1.7209130954
6,1.11559075397
7,0.788665852509
8,0.591300289612
9,0.461397280684
10,0.37101224158
