Epoch,Loss
1,153.321642488
2,50.6838997829
3,14.2714571102
4,13.6075427438
5,16.5746013757
6,11.0902363299
7,27.4694744135
8,46.5195653289
9,16.2595327598
10,2.36068229681
