Time,Freq,Mass
0.0,0.0,-0.0
0.1,0.0,-0.0
0.2,0.0,0.13
0.30000000000000004,0.0,4.39
0.4,0.0,17.1
0.5,0.0,16.83
0.6000000000000001,0.0,22.78
0.7000000000000001,0.0,13.24
0.8,0.0,16.38
0.9,0.0,17.13
1.0,0.0,16.24
1.1,0.0,15.21
1.2000000000000002,0.0,15.69
1.3,0.0,15.35
1.4000000000000001,0.0,15.64
1.5,0.0,15.93
1.6,0.0,16.71
1.7000000000000002,0.0,16.65
1.8,0.0,16.72
1.9000000000000001,0.0,16.87
