Time,Freq,Mass
0.0,0.0,0.12
0.1,0.0,0.14
0.2,0.0,0.05
0.30000000000000004,0.0,6.14
0.4,0.0,24.71
0.5,0.0,33.5
0.6000000000000001,0.0,11.59
0.7000000000000001,0.0,20.9
0.8,0.0,24.76
0.9,0.0,16.46
1.0,0.0,20.67
1.1,0.0,20.14
1.2000000000000002,0.0,19.62
1.3,0.0,19.97
1.4000000000000001,0.0,19.4
1.5,0.0,19.32
1.6,0.0,19.07
1.7000000000000002,0.0,18.99
1.8,0.0,18.93
1.9000000000000001,0.0,19.04
