Time,Freq,Mass
0.0,0.0,0.04
0.1,0.0,0.07
0.2,0.0,0.07
0.30000000000000004,0.0,4.94
0.4,0.0,25.15
0.5,0.0,31.29
0.6000000000000001,0.0,12.52
0.7000000000000001,0.0,19.9
0.8,0.0,19.19
0.9,0.0,20.51
1.0,0.0,19.15
1.1,0.0,17.99
1.2000000000000002,0.0,19.59
1.3,0.0,19.46
1.4000000000000001,0.0,18.58
1.5,0.0,19.35
1.6,0.0,19.17
1.7000000000000002,0.0,18.65
1.8,0.0,18.69
1.9000000000000001,0.0,18.48
