Time,Freq,Mass
0.0,0.0,-0.01
0.1,0.0,-0.01
0.2,0.0,0.25
0.30000000000000004,0.0,11.32
0.4,0.0,23.43
0.5,0.0,26.11
0.6000000000000001,0.0,18.59
0.7000000000000001,0.0,23.79
0.8,0.0,23.17
0.9,0.0,21.45
1.0,0.0,21.23
1.1,0.0,21.06
1.2000000000000002,0.0,20.66
1.3,0.0,20.82
1.4000000000000001,0.0,21.17
1.5,0.0,21.71
1.6,0.0,22.38
1.7000000000000002,0.0,22.41
1.8,0.0,22.45
1.9000000000000001,0.0,22.03
