Time,Freq,Mass
0.0,0.0,-0.04
0.1,0.0,-0.04
0.2,0.0,0.12
0.30000000000000004,40.0,23.11
0.4,0.0,16.32
0.5,0.0,12.75
0.6000000000000001,0.0,13.6
0.7000000000000001,0.0,15.35
0.8,0.0,12.95
0.9,0.0,12.98
1.0,0.0,14.44
1.1,0.0,13.32
1.2000000000000002,0.0,13.53
1.3,0.0,13.57
1.4000000000000001,0.0,13.26
1.5,0.0,13.34
1.6,0.0,13.3
1.7000000000000002,0.0,13.35
1.8,0.0,13.52
1.9000000000000001,0.0,13.45
