Time,Freq,Mass
0.0,0.0,-0.01
0.1,0.0,0.02
0.2,0.0,0.33
0.30000000000000004,0.0,36.78
0.4,0.0,27.02
0.5,0.0,21.35
0.6000000000000001,0.0,23.87
0.7000000000000001,0.0,20.8
0.8,0.0,22.91
0.9,0.0,21.68
1.0,0.0,21.54
1.1,0.0,21.9
1.2000000000000002,0.0,21.76
1.3,0.0,21.84
1.4000000000000001,0.0,21.86
1.5,0.0,21.82
1.6,0.0,21.77
1.7000000000000002,0.0,21.84
1.8,0.0,21.89
1.9000000000000001,0.0,21.89
