Time,Freq,Mass
0.0,0.0,0.13
0.1,0.0,0.05
0.2,0.0,0.17
0.30000000000000004,0.0,14.24
0.4,0.0,26.24
0.5,0.0,6.85
0.6000000000000001,0.0,24.77
0.7000000000000001,0.0,22.78
0.8,0.0,16.14
0.9,0.0,15.68
1.0,0.0,19.18
1.1,0.0,19.36
1.2000000000000002,0.0,18.71
1.3,0.0,18.75
1.4000000000000001,0.0,18.34
1.5,0.0,18.42
1.6,0.0,18.31
1.7000000000000002,0.0,18.36
1.8,0.0,18.46
1.9000000000000001,0.0,18.44
