Time,Freq,Mass
0.0,0.0,0.01
0.1,0.0,0.13
0.2,0.0,0.39
0.30000000000000004,0.0,25.18
0.4,0.0,58.4
0.5,0.0,27.59
0.6000000000000001,0.0,29.45
0.7000000000000001,0.0,35.88
0.8,0.0,33.38
0.9,0.0,32.54
1.0,0.0,32.55
1.1,0.0,32.68
1.2000000000000002,0.0,31.84
1.3,0.0,31.38
1.4000000000000001,0.0,31.59
1.5,0.0,32.39
1.6,0.0,32.19
1.7000000000000002,0.0,32.04
1.8,0.0,31.9
1.9000000000000001,0.0,31.59
