Time,Freq,Mass
0.0,0.0,0.03
0.1,0.0,0.05
0.2,0.0,0.19
0.30000000000000004,0.0,8.62
0.4,0.0,22.34
0.5,0.0,7.52
0.6000000000000001,0.0,15.41
0.7000000000000001,0.0,13.22
0.8,0.0,14.35
0.9,0.0,16.45
1.0,0.0,13.59
1.1,0.0,13.6
1.2000000000000002,0.0,15.39
1.3,0.0,15.33
1.4000000000000001,0.0,15.73
1.5,0.0,15.99
1.6,0.0,16.52
1.7000000000000002,0.0,16.73
1.8,0.0,16.57
1.9000000000000001,0.0,16.29
