Time,Freq,Mass
0.0,0.0,0.0
0.1,0.0,0.0
0.2,0.0,0.5
0.30000000000000004,0.0,13.53
0.4,0.0,19.09
0.5,0.0,15.73
0.6000000000000001,0.0,16.5
0.7000000000000001,0.0,13.79
0.8,0.0,12.58
0.9,0.0,14.31
1.0,0.0,14.93
1.1,0.0,15.0
1.2000000000000002,0.0,14.19
1.3,0.0,14.11
1.4000000000000001,0.0,13.82
1.5,0.0,13.82
1.6,0.0,13.73
1.7000000000000002,0.0,13.53
1.8,0.0,13.29
1.9000000000000001,0.0,13.07
