Time,Freq,Mass
0.0,0.0,0.05
0.1,0.0,0.03
0.2,40.0,0.12
0.30000000000000004,0.0,12.86
0.4,0.0,47.53
0.5,40.0,10.76
0.6000000000000001,0.0,13.21
0.7000000000000001,0.0,30.62
0.8,0.0,18.01
0.9,0.0,21.26
1.0,0.0,22.18
1.1,0.0,19.06
1.2000000000000002,0.0,20.33
1.3,0.0,21.55
1.4000000000000001,0.0,20.69
1.5,0.0,20.92
1.6,0.0,21.01
1.7000000000000002,0.0,21.01
1.8,0.0,20.92
1.9000000000000001,0.0,20.86
