Time,Freq,Mass
0.0,0.0,-0.0
0.1,0.0,0.1
0.2,0.0,0.65
0.30000000000000004,0.0,21.49
0.4,0.0,20.78
0.5,0.0,17.76
0.6000000000000001,0.0,13.14
0.7000000000000001,0.0,15.66
0.8,0.0,15.83
0.9,0.0,15.47
1.0,0.0,15.99
1.1,0.0,15.83
1.2000000000000002,0.0,15.88
1.3,0.0,15.75
1.4000000000000001,0.0,16.05
1.5,0.0,16.01
1.6,0.0,15.81
1.7000000000000002,0.0,15.92
1.8,0.0,15.84
1.9000000000000001,0.0,15.91
