Time,Freq,Mass
0.0,0.0,-0.01
0.1,0.0,-0.07
0.2,0.0,0.35
0.30000000000000004,0.0,7.72
0.4,0.0,23.86
0.5,0.0,16.45
0.6000000000000001,0.0,14.02
0.7000000000000001,0.0,13.3
0.8,0.0,16.21
0.9,0.0,14.72
1.0,0.0,14.79
1.1,0.0,14.54
1.2000000000000002,0.0,14.9
1.3,0.0,15.02
1.4000000000000001,0.0,14.65
1.5,0.0,14.66
1.6,0.0,14.72
1.7000000000000002,0.0,14.78
1.8,0.0,14.76
1.9000000000000001,0.0,14.69
