Time,Freq,Mass
0.0,0.0,0.02
0.1,0.0,0.01
0.2,0.0,0.46
0.30000000000000004,0.0,24.86
0.4,0.0,34.65
0.5,0.0,46.05
0.6000000000000001,0.0,25.32
0.7000000000000001,0.0,36.8
0.8,0.0,28.08
0.9,0.0,33.26
1.0,0.0,34.56
1.1,0.0,32.34
1.2000000000000002,0.0,32.97
1.3,0.0,33.54
1.4000000000000001,0.0,32.74
1.5,0.0,32.61
1.6,0.0,32.72
1.7000000000000002,0.0,32.89
1.8,0.0,33.17
1.9000000000000001,0.0,33.14
