Time,Freq,Mass
0.0,40.0,0.01
0.1,0.0,0.02
0.2,0.0,0.05
0.30000000000000004,0.0,3.75
0.4,40.0,26.96
0.5,0.0,25.97
0.6000000000000001,0.0,22.68
0.7000000000000001,0.0,16.13
0.8,0.0,16.41
0.9,0.0,21.03
1.0,0.0,18.86
1.1,0.0,19.2
1.2000000000000002,0.0,19.34
1.3,0.0,18.85
1.4000000000000001,0.0,18.65
1.5,0.0,18.57
1.6,0.0,18.27
1.7000000000000002,0.0,18.27
1.8,0.0,18.66
1.9000000000000001,0.0,18.95
