Time,Freq,Mass
0.0,0.0,-0.0
0.1,0.0,0.01
0.2,0.0,0.92
0.30000000000000004,0.0,21.25
0.4,0.0,21.05
0.5,0.0,12.3
0.6000000000000001,0.0,19.97
0.7000000000000001,0.0,18.31
0.8,0.0,14.98
0.9,0.0,15.35
1.0,0.0,16.27
1.1,0.0,16.29
1.2000000000000002,0.0,15.48
1.3,0.0,15.94
1.4000000000000001,0.0,15.98
1.5,0.0,16.14
1.6,0.0,16.11
1.7000000000000002,0.0,16.15
1.8,0.0,16.11
1.9000000000000001,0.0,16.06
