Time,Freq,Mass
0.0,0.0,-0.01
0.1,0.0,0.1
0.2,40.0,0.2
0.30000000000000004,0.0,9.5
0.4,0.0,25.73
0.5,0.0,23.89
0.6000000000000001,0.0,21.28
0.7000000000000001,0.0,14.44
0.8,0.0,17.61
0.9,0.0,19.43
1.0,0.0,18.83
1.1,0.0,18.81
1.2000000000000002,0.0,19.34
1.3,0.0,19.33
1.4000000000000001,0.0,19.31
1.5,0.0,19.31
1.6,0.0,19.26
1.7000000000000002,0.0,19.26
1.8,0.0,19.28
1.9000000000000001,0.0,19.25
