Time,Freq,Mass
0.0,0.0,-0.18
0.1,0.0,-0.11
0.2,0.0,0.19
0.30000000000000004,0.0,13.57
0.4,0.0,33.55
0.5,0.0,22.11
0.6000000000000001,0.0,20.1
0.7000000000000001,0.0,27.86
0.8,0.0,17.67
0.9,0.0,22.52
1.0,0.0,19.96
1.1,0.0,21.3
1.2000000000000002,0.0,21.43
1.3,0.0,21.0
1.4000000000000001,0.0,21.27
1.5,0.0,21.09
1.6,0.0,21.24
1.7000000000000002,0.0,21.21
1.8,0.0,21.21
1.9000000000000001,0.0,21.15
