Time,Freq,Mass
0.0,0.0,-0.06
0.1,0.0,-0.03
0.2,720.0,0.11
0.30000000000000004,320.0,14.31
0.4,1360.0,21.85
0.5,920.0,5.71
0.6000000000000001,1160.0,17.11
0.7000000000000001,1240.0,11.75
0.8,1360.0,13.62
0.9,1360.0,12.96
1.0,1320.0,12.92
1.1,1320.0,13.07
1.2000000000000002,1280.0,13.03
1.3,1240.0,12.87
1.4000000000000001,1240.0,12.66
1.5,1200.0,12.62
1.6,1200.0,12.66
1.7000000000000002,1200.0,12.66
1.8,1200.0,12.65
1.9000000000000001,1200.0,12.55
