Time,Freq,Mass
0.0,40.0,0.17
0.1,120.0,0.2
0.2,360.0,0.76
0.30000000000000004,800.0,14.12
0.4,880.0,24.66
0.5,1000.0,10.23
0.6000000000000001,1080.0,16.05
0.7000000000000001,1120.0,14.37
0.8,1160.0,14.83
0.9,1160.0,13.69
1.0,1200.0,13.97
1.1,1160.0,14.04
1.2000000000000002,1200.0,13.68
1.3,1160.0,13.05
1.4000000000000001,1160.0,12.85
1.5,1160.0,12.82
1.6,1160.0,12.82
1.7000000000000002,1160.0,12.81
1.8,1160.0,12.81
1.9000000000000001,1160.0,12.78
