Time,Freq,Mass
0.0,0.0,0.23
0.1,40.0,0.23
0.2,720.0,0.2
0.30000000000000004,720.0,22.69
0.4,680.0,75.61
0.5,720.0,44.06
0.6000000000000001,800.0,46.18
0.7000000000000001,840.0,44.43
0.8,880.0,43.9
0.9,880.0,43.6
1.0,880.0,43.68
1.1,880.0,43.64
1.2000000000000002,880.0,43.47
1.3,880.0,43.39
1.4000000000000001,880.0,43.44
1.5,880.0,43.54
1.6,880.0,43.39
1.7000000000000002,880.0,43.35
1.8,920.0,43.5
1.9000000000000001,880.0,43.56
