Time,Freq,Mass
0.0,0.0,-0.12
0.1,0.0,-0.13
0.2,240.0,-0.2
0.30000000000000004,240.0,22.16
0.4,840.0,79.32
0.5,960.0,20.46
0.6000000000000001,960.0,28.41
0.7000000000000001,960.0,47.14
0.8,960.0,41.45
0.9,920.0,42.89
1.0,920.0,42.37
1.1,920.0,42.27
1.2000000000000002,920.0,42.23
1.3,920.0,42.12
1.4000000000000001,920.0,42.14
1.5,960.0,42.21
1.6,920.0,42.11
1.7000000000000002,960.0,42.11
1.8,920.0,42.12
1.9000000000000001,920.0,42.06
