Time,Freq,Mass
0.0,0.0,-0.06
0.1,80.0,-0.02
0.2,360.0,0.08
0.30000000000000004,280.0,3.85
0.4,1080.0,23.96
0.5,1160.0,15.69
0.6000000000000001,1200.0,5.99
0.7000000000000001,1160.0,14.48
0.8,1000.0,13.74
0.9,1080.0,12.48
1.0,1200.0,11.14
1.1,1200.0,10.97
1.2000000000000002,1200.0,11.26
1.3,1200.0,11.37
1.4000000000000001,1200.0,11.32
1.5,1200.0,11.35
1.6,1200.0,11.25
1.7000000000000002,1160.0,11.17
1.8,1160.0,11.13
1.9000000000000001,1160.0,11.14
