Time,Freq,Mass
0.0,0.0,0.02
0.1,120.0,0.18
0.2,360.0,0.29
0.30000000000000004,400.0,9.18
0.4,960.0,19.35
0.5,1000.0,2.06
0.6000000000000001,1160.0,8.7
0.7000000000000001,1200.0,14.56
0.8,1240.0,12.55
0.9,1200.0,12.45
1.0,1160.0,12.44
1.1,1120.0,12.45
1.2000000000000002,1160.0,12.48
1.3,1120.0,12.54
1.4000000000000001,1120.0,12.65
1.5,1080.0,12.76
1.6,1080.0,12.84
1.7000000000000002,1080.0,12.89
1.8,1080.0,12.89
1.9000000000000001,1040.0,12.92
