Time,Freq,Mass
0.0,40.0,-0.04
0.1,200.0,0.08
0.2,520.0,0.13
0.30000000000000004,1040.0,25.53
0.4,1160.0,16.47
0.5,1120.0,10.85
0.6000000000000001,1200.0,12.56
0.7000000000000001,1240.0,13.6
0.8,1280.0,12.13
0.9,1320.0,12.3
1.0,1360.0,11.96
1.1,1400.0,11.52
1.2000000000000002,1440.0,11.47
1.3,1440.0,11.23
1.4000000000000001,1440.0,11.13
1.5,1440.0,11.0
1.6,1440.0,11.02
1.7000000000000002,1440.0,11.07
1.8,1440.0,11.13
1.9000000000000001,1440.0,11.24
