Time,Freq,Mass
0.0,0.0,0.07
0.1,80.0,0.12
0.2,160.0,0.22
0.30000000000000004,160.0,4.33
0.4,280.0,10.07
0.5,400.0,11.91
0.6000000000000001,720.0,14.98
0.7000000000000001,560.0,11.15
0.8,760.0,15.76
0.9,880.0,12.31
1.0,1080.0,13.48
1.1,1160.0,12.06
1.2000000000000002,1160.0,11.23
1.3,1160.0,12.16
1.4000000000000001,1160.0,12.08
1.5,1160.0,11.97
1.6,1160.0,12.07
1.7000000000000002,1200.0,12.04
1.8,1200.0,12.07
1.9000000000000001,1160.0,12.03
